Student ID,First Name,Last Name,Grade Level,Email
WW100001,Emma,Johnson,9th,emma.johnson@students.hernandoschools.org
WW100002,Liam,Smith,9th,liam.smith@students.hernandoschools.org
WW100003,Olivia,Williams,9th,olivia.williams@students.hernandoschools.org
WW100004,Noah,Brown,9th,noah.brown@students.hernandoschools.org
WW100005,Ava,Jones,9th,ava.jones@students.hernandoschools.org
WW100006,Elijah,Garcia,9th,elijah.garcia@students.hernandoschools.org
WW100007,Sophia,Martinez,9th,sophia.martinez@students.hernandoschools.org
WW100008,James,Rodriguez,9th,james.rodriguez@students.hernandoschools.org
WW100009,Isabella,Wilson,9th,isabella.wilson@students.hernandoschools.org
WW100010,Benjamin,Anderson,9th,benjamin.anderson@students.hernandoschools.org
WW100011,Mia,Taylor,9th,mia.taylor@students.hernandoschools.org
WW100012,Lucas,Thomas,9th,lucas.thomas@students.hernandoschools.org
WW100013,Charlotte,Moore,9th,charlotte.moore@students.hernandoschools.org
WW100014,Mason,Jackson,9th,mason.jackson@students.hernandoschools.org
WW100015,Amelia,Martin,9th,amelia.martin@students.hernandoschools.org
WW100016,Ethan,Lee,9th,ethan.lee@students.hernandoschools.org
WW100017,Harper,Perez,9th,harper.perez@students.hernandoschools.org
WW100018,Alexander,Thompson,9th,alexander.thompson@students.hernandoschools.org
WW100019,Evelyn,White,9th,evelyn.white@students.hernandoschools.org
WW100020,Michael,Harris,9th,michael.harris@students.hernandoschools.org
WW100021,Abigail,Sanchez,9th,abigail.sanchez@students.hernandoschools.org
WW100022,Daniel,Clark,9th,daniel.clark@students.hernandoschools.org
WW100023,Emily,Ramirez,9th,emily.ramirez@students.hernandoschools.org
WW100024,Matthew,Lewis,9th,matthew.lewis@students.hernandoschools.org
WW100025,Elizabeth,Robinson,9th,elizabeth.robinson@students.hernandoschools.org
WW100026,Henry,Walker,9th,henry.walker@students.hernandoschools.org
WW100027,Sofia,Young,9th,sofia.young@students.hernandoschools.org
WW100028,Jackson,Allen,9th,jackson.allen@students.hernandoschools.org
WW100029,Avery,King,9th,avery.king@students.hernandoschools.org
WW100030,Sebastian,Wright,9th,sebastian.wright@students.hernandoschools.org
WW100031,Ella,Lopez,9th,ella.lopez@students.hernandoschools.org
WW100032,Aiden,Hill,9th,aiden.hill@students.hernandoschools.org
WW100033,Scarlett,Scott,9th,scarlett.scott@students.hernandoschools.org
WW100034,Joseph,Green,9th,joseph.green@students.hernandoschools.org
WW100035,Victoria,Adams,9th,victoria.adams@students.hernandoschools.org
WW100036,David,Baker,9th,david.baker@students.hernandoschools.org
WW100037,Grace,Gonzalez,9th,grace.gonzalez@students.hernandoschools.org
WW100038,Carter,Nelson,9th,carter.nelson@students.hernandoschools.org
WW100039,Chloe,Carter,9th,chloe.carter@students.hernandoschools.org
WW100040,Wyatt,Mitchell,9th,wyatt.mitchell@students.hernandoschools.org
WW100041,Lily,Roberts,9th,lily.roberts@students.hernandoschools.org
WW100042,Luke,Turner,9th,luke.turner@students.hernandoschools.org
WW100043,Zoey,Phillips,9th,zoey.phillips@students.hernandoschools.org
WW100044,Owen,Campbell,9th,owen.campbell@students.hernandoschools.org
WW100045,Hannah,Parker,9th,hannah.parker@students.hernandoschools.org
WW100046,Jack,Evans,9th,jack.evans@students.hernandoschools.org
WW100047,Lillian,Edwards,9th,lillian.edwards@students.hernandoschools.org
WW100048,Samuel,Collins,9th,samuel.collins@students.hernandoschools.org
WW100049,Addison,Stewart,9th,addison.stewart@students.hernandoschools.org
WW100050,Ryan,Morris,9th,ryan.morris@students.hernandoschools.org
WW200001,Madison,Nguyen,10th,madison.nguyen@students.hernandoschools.org
WW200002,William,Murphy,10th,william.murphy@students.hernandoschools.org
WW200003,Layla,Cook,10th,layla.cook@students.hernandoschools.org
WW200004,Nathan,Rogers,10th,nathan.rogers@students.hernandoschools.org
WW200005,Aubrey,Morgan,10th,aubrey.morgan@students.hernandoschools.org
WW200006,Grayson,Peterson,10th,grayson.peterson@students.hernandoschools.org
WW200007,Penelope,Cooper,10th,penelope.cooper@students.hernandoschools.org
WW200008,Dylan,Reed,10th,dylan.reed@students.hernandoschools.org
WW200009,Riley,Bailey,10th,riley.bailey@students.hernandoschools.org
WW200010,Isaac,Bell,10th,isaac.bell@students.hernandoschools.org
WW200011,Aria,Gomez,10th,aria.gomez@students.hernandoschools.org
WW200012,Christian,Kelly,10th,christian.kelly@students.hernandoschools.org
WW200013,Nora,Howard,10th,nora.howard@students.hernandoschools.org
WW200014,Anthony,Ward,10th,anthony.ward@students.hernandoschools.org
WW200015,Brooklyn,Cox,10th,brooklyn.cox@students.hernandoschools.org
WW200016,Lincoln,Diaz,10th,lincoln.diaz@students.hernandoschools.org
WW200017,Zoe,Richardson,10th,zoe.richardson@students.hernandoschools.org
WW200018,Joshua,Wood,10th,joshua.wood@students.hernandoschools.org
WW200019,Leah,Watson,10th,leah.watson@students.hernandoschools.org
WW200020,Andrew,Brooks,10th,andrew.brooks@students.hernandoschools.org
WW200021,Savannah,Bennett,10th,savannah.bennett@students.hernandoschools.org
WW200022,Christopher,Gray,10th,christopher.gray@students.hernandoschools.org
WW200023,Audrey,James,10th,audrey.james@students.hernandoschools.org
WW200024,Gabriel,Reyes,10th,gabriel.reyes@students.hernandoschools.org
WW200025,Bella,Cruz,10th,bella.cruz@students.hernandoschools.org
WW200026,Jaxon,Hughes,10th,jaxon.hughes@students.hernandoschools.org
WW200027,Claire,Price,10th,claire.price@students.hernandoschools.org
WW200028,Levi,Myers,10th,levi.myers@students.hernandoschools.org
WW200029,Skylar,Long,10th,skylar.long@students.hernandoschools.org
WW200030,Julian,Foster,10th,julian.foster@students.hernandoschools.org
WW200031,Anna,Sanders,10th,anna.sanders@students.hernandoschools.org
WW200032,Mateo,Ross,10th,mateo.ross@students.hernandoschools.org
WW200033,Paisley,Morales,10th,paisley.morales@students.hernandoschools.org
WW200034,Josiah,Powell,10th,josiah.powell@students.hernandoschools.org
WW200035,Caroline,Sullivan,10th,caroline.sullivan@students.hernandoschools.org
WW200036,Ezra,Russell,10th,ezra.russell@students.hernandoschools.org
WW200037,Nova,Ortiz,10th,nova.ortiz@students.hernandoschools.org
WW200038,Thomas,Jenkins,10th,thomas.jenkins@students.hernandoschools.org
WW200039,Genesis,Gutierrez,10th,genesis.gutierrez@students.hernandoschools.org
WW200040,Hunter,Perry,10th,hunter.perry@students.hernandoschools.org
WW200041,Kinsley,Butler,10th,kinsley.butler@students.hernandoschools.org
WW200042,Aaron,Barnes,10th,aaron.barnes@students.hernandoschools.org
WW200043,Allison,Fisher,10th,allison.fisher@students.hernandoschools.org
WW200044,Isaiah,Henderson,10th,isaiah.henderson@students.hernandoschools.org
WW200045,Violet,Coleman,10th,violet.coleman@students.hernandoschools.org
WW200046,Eli,Simmons,10th,eli.simmons@students.hernandoschools.org
WW200047,Hazel,Patterson,10th,hazel.patterson@students.hernandoschools.org
WW200048,Jonathan,Jordan,10th,jonathan.jordan@students.hernandoschools.org
WW200049,Autumn,Reynolds,10th,autumn.reynolds@students.hernandoschools.org
WW200050,Charles,Hamilton,10th,charles.hamilton@students.hernandoschools.org
WW300001,Luna,Graham,11th,luna.graham@students.hernandoschools.org
WW300002,Jaxson,Kim,11th,jaxson.kim@students.hernandoschools.org
WW300003,Stella,Alvarez,11th,stella.alvarez@students.hernandoschools.org
WW300004,Cameron,Castillo,11th,cameron.castillo@students.hernandoschools.org
WW300005,Natalie,Hunt,11th,natalie.hunt@students.hernandoschools.org
WW300006,Easton,Webb,11th,easton.webb@students.hernandoschools.org
WW300007,Eleanor,Stevens,11th,eleanor.stevens@students.hernandoschools.org
WW300008,Colton,Hart,11th,colton.hart@students.hernandoschools.org
WW300009,Maya,Montgomery,11th,maya.montgomery@students.hernandoschools.org
WW300010,Connor,Spencer,11th,connor.spencer@students.hernandoschools.org
WW300011,Willow,Gardner,11th,willow.gardner@students.hernandoschools.org
WW300012,Jayden,Payne,11th,jayden.payne@students.hernandoschools.org
WW300013,Lucy,Pierce,11th,lucy.pierce@students.hernandoschools.org
WW300014,Landon,Berry,11th,landon.berry@students.hernandoschools.org
WW300015,Kennedy,Matthews,11th,kennedy.matthews@students.hernandoschools.org
WW300016,Jeremiah,Arnold,11th,jeremiah.arnold@students.hernandoschools.org
WW300017,Naomi,Wagner,11th,naomi.wagner@students.hernandoschools.org
WW300018,Gavin,Ford,11th,gavin.ford@students.hernandoschools.org
WW300019,Aaliyah,West,11th,aaliyah.west@students.hernandoschools.org
WW300020,Adrian,Carroll,11th,adrian.carroll@students.hernandoschools.org
WW300021,Ruby,Dixon,11th,ruby.dixon@students.hernandoschools.org
WW300022,Jordan,Riley,11th,jordan.riley@students.hernandoschools.org
WW300023,Madelyn,Warren,11th,madelyn.warren@students.hernandoschools.org
WW300024,Robert,Burns,11th,robert.burns@students.hernandoschools.org
WW300025,Ivy,Gibson,11th,ivy.gibson@students.hernandoschools.org
WW300026,Brayden,Ellis,11th,brayden.ellis@students.hernandoschools.org
WW300027,Lydia,Holland,11th,lydia.holland@students.hernandoschools.org
WW300028,Carson,Harper,11th,carson.harper@students.hernandoschools.org
WW300029,Alice,Tucker,11th,alice.tucker@students.hernandoschools.org
WW300030,Nicholas,Hicks,11th,nicholas.hicks@students.hernandoschools.org
WW300031,Piper,Crawford,11th,piper.crawford@students.hernandoschools.org
WW300032,Xavier,Henry,11th,xavier.henry@students.hernandoschools.org
WW300033,Quinn,Boyd,11th,quinn.boyd@students.hernandoschools.org
WW300034,Adam,Mason,11th,adam.mason@students.hernandoschools.org
WW300035,Isabelle,Moreno,11th,isabelle.moreno@students.hernandoschools.org
WW300036,Austin,Mendoza,11th,austin.mendoza@students.hernandoschools.org
WW300037,Aurora,Ruiz,11th,aurora.ruiz@students.hernandoschools.org
WW300038,Jason,Wallace,11th,jason.wallace@students.hernandoschools.org
WW300039,Kaylee,Fernandez,11th,kaylee.fernandez@students.hernandoschools.org
WW300040,Kevin,Hudson,11th,kevin.hudson@students.hernandoschools.org
WW300041,Camila,Chapman,11th,camila.chapman@students.hernandoschools.org
WW300042,Ian,Carr,11th,ian.carr@students.hernandoschools.org
WW300043,Serenity,Owens,11th,serenity.owens@students.hernandoschools.org
WW300044,Dominic,George,11th,dominic.george@students.hernandoschools.org
WW300045,Melody,Lynch,11th,melody.lynch@students.hernandoschools.org
WW300046,Cooper,Fox,11th,cooper.fox@students.hernandoschools.org
WW300047,Eva,Wells,11th,eva.wells@students.hernandoschools.org
WW300048,Brody,Day,11th,brody.day@students.hernandoschools.org
WW300049,Valentina,Knight,11th,valentina.knight@students.hernandoschools.org
WW300050,Miles,Dean,11th,miles.dean@students.hernandoschools.org
WW400001,Gianna,Ramos,12th,gianna.ramos@students.hernandoschools.org
WW400002,Bryson,Harvey,12th,bryson.harvey@students.hernandoschools.org
WW400003,Samantha,Vargas,12th,samantha.vargas@students.hernandoschools.org
WW400004,Asher,Fields,12th,asher.fields@students.hernandoschools.org
WW400005,Sarah,Stone,12th,sarah.stone@students.hernandoschools.org
WW400006,Parker,Hoffman,12th,parker.hoffman@students.hernandoschools.org
WW400007,Emilia,Newman,12th,emilia.newman@students.hernandoschools.org
WW400008,Damian,Romero,12th,damian.romero@students.hernandoschools.org
WW400009,Hailey,Reid,12th,hailey.reid@students.hernandoschools.org
WW400010,Roman,Garrett,12th,roman.garrett@students.hernandoschools.org
WW400011,Reagan,Welch,12th,reagan.welch@students.hernandoschools.org
WW400012,Elias,Larson,12th,elias.larson@students.hernandoschools.org
WW400013,Athena,Frazier,12th,athena.frazier@students.hernandoschools.org
WW400014,Tyler,Burke,12th,tyler.burke@students.hernandoschools.org
WW400015,Delilah,Hanson,12th,delilah.hanson@students.hernandoschools.org
WW400016,Axel,Mendez,12th,axel.mendez@students.hernandoschools.org
WW400017,Maria,Daniels,12th,maria.daniels@students.hernandoschools.org
WW400018,Vincent,Price,12th,vincent.price@students.hernandoschools.org
WW400019,Ellie,Bennett,12th,ellie.bennett@students.hernandoschools.org
WW400020,Silas,Powers,12th,silas.powers@students.hernandoschools.org
WW400021,Josephine,Murray,12th,josephine.murray@students.hernandoschools.org
WW400022,Blake,Grant,12th,blake.grant@students.hernandoschools.org
WW400023,Mila,Black,12th,mila.black@students.hernandoschools.org
WW400024,Cole,Ferguson,12th,cole.ferguson@students.hernandoschools.org
WW400025,Julia,Duncan,12th,julia.duncan@students.hernandoschools.org
WW400026,Greyson,Marshall,12th,greyson.marshall@students.hernandoschools.org
WW400027,Ariana,Meyer,12th,ariana.meyer@students.hernandoschools.org
WW400028,Declan,Stevens,12th,declan.stevens@students.hernandoschools.org
WW400029,Brielle,Nichols,12th,brielle.nichols@students.hernandoschools.org
WW400030,Braxton,Palmer,12th,braxton.palmer@students.hernandoschools.org
WW400031,Jade,Lane,12th,jade.lane@students.hernandoschools.org
WW400032,Jesus,Banks,12th,jesus.banks@students.hernandoschools.org
WW400033,Peyton,Webb,12th,peyton.webb@students.hernandoschools.org
WW400034,Maxwell,Schneider,12th,maxwell.schneider@students.hernandoschools.org
WW400035,Vivian,Holland,12th,vivian.holland@students.hernandoschools.org
WW400036,Kai,Douglas,12th,kai.douglas@students.hernandoschools.org
WW400037,Hadley,Shaw,12th,hadley.shaw@students.hernandoschools.org
WW400038,King,Flores,12th,king.flores@students.hernandoschools.org
WW400039,Emery,Boyd,12th,emery.boyd@students.hernandoschools.org
WW400040,Tristan,Hawkins,12th,tristan.hawkins@students.hernandoschools.org
WW400041,Raelynn,Richards,12th,raelynn.richards@students.hernandoschools.org
WW400042,Brandon,Dunn,12th,brandon.dunn@students.hernandoschools.org
WW400043,Everleigh,Austin,12th,everleigh.austin@students.hernandoschools.org
WW400044,Antonio,Cole,12th,antonio.cole@students.hernandoschools.org
WW400045,Cora,Pearson,12th,cora.pearson@students.hernandoschools.org
WW400046,Santiago,Hunter,12th,santiago.hunter@students.hernandoschools.org
WW400047,Adalynn,Aguilar,12th,adalynn.aguilar@students.hernandoschools.org
WW400048,Wesley,Bishop,12th,wesley.bishop@students.hernandoschools.org
WW400049,Eliana,Black,12th,eliana.black@students.hernandoschools.org
WW400050,Giovanni,Rose,12th,giovanni.rose@students.hernandoschools.org
