Student ID,First Name,Last Name,Grade Level,Email,Active
S2025001,Emma,Anderson,9,eanderson@students.edu,True
S2025002,Liam,Bennett,9,lbennett@students.edu,True
S2025003,Olivia,Carter,9,ocarter@students.edu,True
S2025004,Noah,Davis,9,ndavis@students.edu,True
S2025005,Ava,Edwards,9,aedwards@students.edu,True
S2025006,Ethan,Foster,9,efoster@students.edu,True
S2025007,Sophia,Garcia,9,sgarcia@students.edu,True
S2025008,Mason,Harris,9,mharris@students.edu,True
S2025009,Isabella,Jackson,9,ijackson@students.edu,True
S2025010,Lucas,Kim,9,lkim@students.edu,True
S2025011,Mia,Lopez,9,mlopez@students.edu,True
S2025012,Oliver,Martinez,9,omartinez@students.edu,True
S2025013,Charlotte,Nelson,9,cnelson@students.edu,True
S2025014,Elijah,Owens,9,eowens@students.edu,True
S2025015,Amelia,Parker,9,aparker@students.edu,True
S2025016,James,Quinn,10,jquinn@students.edu,True
S2025017,Harper,Rodriguez,10,hrodriguez@students.edu,True
S2025018,Benjamin,Smith,10,bsmith@students.edu,True
S2025019,Evelyn,Taylor,10,etaylor@students.edu,True
S2025020,William,Turner,10,wturner@students.edu,True
S2025021,Abigail,Underwood,10,aunderwood@students.edu,True
S2025022,Alexander,Vasquez,10,avasquez@students.edu,True
S2025023,Emily,Williams,10,ewilliams@students.edu,True
S2025024,Michael,Young,10,myoung@students.edu,True
S2025025,Elizabeth,Zhang,10,ezhang@students.edu,True
S2025026,Daniel,Adams,10,dadams@students.edu,True
S2025027,Sofia,Brown,10,sbrown@students.edu,True
S2025028,Matthew,Clark,10,mclark@students.edu,True
S2025029,Avery,Diaz,10,adiaz@students.edu,True
S2025030,Henry,Evans,10,hevans@students.edu,True
S2025031,Ella,Foster,11,efoster2@students.edu,True
S2025032,Jackson,Garcia,11,jgarcia@students.edu,True
S2025033,Scarlett,Hill,11,shill@students.edu,True
S2025034,Sebastian,Ivanov,11,sivanov@students.edu,True
S2025035,Victoria,Johnson,11,vjohnson@students.edu,True
S2025036,Jack,Kelly,11,jkelly@students.edu,True
S2025037,Grace,Lee,11,glee@students.edu,True
S2025038,Owen,Miller,11,omiller@students.edu,True
S2025039,Chloe,Moore,11,cmoore@students.edu,True
S2025040,Wyatt,Nelson,11,wnelson@students.edu,True
S2025041,Zoey,Ortiz,11,zortiz@students.edu,True
S2025042,Luke,Peterson,11,lpeterson@students.edu,True
S2025043,Nora,Rivera,11,nrivera@students.edu,True
S2025044,Grayson,Scott,11,gscott@students.edu,True
S2025045,Lily,Torres,11,ltorres@students.edu,True
S2025046,Carter,White,12,cwhite@students.edu,True
S2025047,Hannah,Young,12,hyoung@students.edu,True
S2025048,Julian,Allen,12,jallen@students.edu,True
S2025049,Lillian,Baker,12,lbaker@students.edu,True
S2025050,Isaac,Collins,12,icollins@students.edu,True
S2025051,Addison,Davis,12,adavis@students.edu,True
S2025052,Gabriel,Evans,12,gevans@students.edu,True
S2025053,Eleanor,Ford,12,eford@students.edu,True
S2025054,Anthony,Gray,12,agray@students.edu,True
S2025055,Natalie,Hughes,12,nhughes@students.edu,True
S2025056,Dylan,Jackson,12,djackson@students.edu,True
S2025057,Audrey,King,12,aking@students.edu,True
S2025058,Leo,Lopez,12,llopez2@students.edu,True
S2025059,Hazel,Mitchell,12,hmitchell@students.edu,True
S2025060,Lincoln,Nelson,12,lnelson@students.edu,True
S2025061,Aria,Parker,12,aparker2@students.edu,True
S2025062,Jayden,Reed,12,jreed@students.edu,True
S2025063,Ellie,Sullivan,12,esullivan@students.edu,True
S2025064,Joshua,Turner,12,jturner@students.edu,True
S2025065,Violet,Walsh,12,vwalsh@students.edu,True
S2025066,Andrew,Young,12,ayoung@students.edu,True
S2025067,Penelope,Adams,12,padams@students.edu,True
S2025068,Ryan,Brooks,12,rbrooks@students.edu,True
S2025069,Layla,Campbell,12,lcampbell@students.edu,True
S2025070,Nathan,Dixon,12,ndixon@students.edu,True
S2025071,Riley,Evans,12,revans@students.edu,True
S2025072,Christopher,Fisher,12,cfisher@students.edu,True
S2025073,Samantha,Green,12,sgreen@students.edu,True
S2025074,Aaron,Hayes,12,ahayes@students.edu,True
S2025075,Brooklyn,Ingram,12,bingram@students.edu,True
